Date,Product,Region,Sales
2026-01-03,Widget A,North,1250
2026-01-04,Widget B,South,890
2026-01-05,Widget C,East,1430
2026-01-06,Widget A,West,970
2026-01-07,Widget B,North,1120
2026-01-08,Widget C,South,760
2026-01-09,Widget A,East,1580
2026-01-10,Widget B,West,1040
2026-01-11,Widget C,North,1320
2026-01-12,Widget A,South,1180
2026-01-13,Widget B,East,940
2026-01-14,Widget C,West,1670
2026-01-15,Widget A,North,1090
2026-01-16,Widget B,South,1260
2026-01-17,Widget C,East,850
2026-01-18,Widget A,West,1410
2026-01-19,Widget B,North,990
2026-01-20,Widget C,South,1530
2026-01-21,Widget A,East,870
2026-01-22,Widget B,West,1360
2026-01-23,Widget C,North,1150
2026-01-24,Widget A,South,1620
2026-01-25,Widget B,East,780
2026-01-26,Widget C,West,1210
2026-01-27,Widget A,North,1470
2026-01-28,Widget B,South,1030
2026-01-29,Widget C,East,1390
2026-01-30,Widget A,West,920
2026-01-31,Widget B,North,1550
2026-02-01,Widget C,South,1080
